ARRIVAL_DELAY,DELAY_LABEL
376,high
310,high
306,high
270,high
226,high
224,high
210,high
196,high
179,high
170,high
167,high
161,high
156,high
150,high
144,high
133,high
131,high
129,high
128,high
125,high
123,high
120,high
117,high
116,high
116,high
116,high
112,high
112,high
111,high
107,high
104,high
102,high
101,high
98,high
97,high
96,high
94,high
93,high
90,high
89,high
88,high
88,high
88,high
88,high
86,high
85,high
85,high
84,high
83,high
81,high
80,high
78,high
78,high
78,high
78,high
76,high
72,high
72,high
71,high
70,high
69,high
69,high
67,high
67,high
66,high
65,high
65,high
65,high
62,high
62,high
61,high
60,high
60,high
60,high
59,high
58,high
58,high
58,high
57,high
57,high
56,high
56,high
56,high
56,high
55,high
55,high
55,high
54,high
54,high
53,high
52,high
52,high
52,high
50,high
50,high
49,high
48,high
48,high
48,high
45,high
45,high
43,medium
43,medium
43,medium
42,medium
41,medium
41,medium
41,medium
40,medium
40,medium
40,medium
39,medium
39,medium
38,medium
37,medium
37,medium
36,medium
36,medium
36,medium
35,medium
35,medium
35,medium
35,medium
35,medium
35,medium
35,medium
34,medium
34,medium
33,medium
33,medium
33,medium
33,medium
33,medium
32,medium
31,medium
31,medium
31,medium
31,medium
31,medium
30,medium
30,medium
30,medium
30,medium
30,medium
30,medium
30,medium
30,medium
30,medium
29,medium
29,medium
29,medium
29,medium
29,medium
28,medium
28,medium
28,medium
28,medium
28,medium
28,medium
28,medium
28,medium
27,medium
27,medium
27,medium
27,medium
27,medium
27,medium
27,medium
27,medium
26,medium
26,medium
26,medium
26,medium
26,medium
26,medium
26,medium
26,medium
25,medium
25,medium
25,medium
25,medium
25,medium
25,medium
25,medium
25,medium
25,medium
25,medium
25,medium
25,medium
24,medium
24,medium
24,medium
24,medium
24,medium
24,medium
24,medium
24,medium
24,medium
23,medium
23,medium
23,medium
23,medium
23,medium
23,medium
23,medium
23,medium
23,medium
23,medium
22,medium
22,medium
22,medium
22,medium
22,medium
22,medium
22,medium
22,medium
21,medium
21,medium
21,medium
21,medium
21,medium
21,medium
21,medium
21,medium
21,medium
21,medium
21,medium
21,medium
21,medium
21,medium
20,medium
20,medium
20,medium
20,medium
20,medium
20,medium
20,medium
20,medium
20,medium
20,medium
20,medium
20,medium
20,medium
20,medium
20,medium
19,medium
19,medium
19,medium
19,medium
19,medium
19,medium
19,medium
19,medium
19,medium
19,medium
19,medium
19,medium
18,medium
18,medium
18,medium
18,medium
18,medium
18,medium
18,medium
17,medium
17,medium
17,medium
17,medium
17,medium
17,medium
17,medium
17,medium
17,medium
17,medium
17,medium
17,medium
17,medium
17,medium
17,medium
16,medium
16,medium
16,medium
16,medium
16,medium
16,medium
16,medium
16,medium
16,medium
16,medium
16,medium
16,medium
16,medium
16,medium
16,medium
16,medium
16,medium
16,medium
16,medium
16,medium
15,medium
15,medium
15,medium
15,medium
15,medium
15,medium
15,medium
15,medium
15,medium
15,medium
15,medium
15,medium
15,medium
15,medium
14,low
14,low
14,low
14,low
14,low
14,low
14,low
14,low
14,low
14,low
14,low
14,low
14,low
14,low
14,low
14,low
14,low
14,low
14,low
14,low
14,low
14,low
14,low
14,low
14,low
13,low
13,low
13,low
13,low
13,low
13,low
13,low
13,low
13,low
13,low
13,low
13,low
13,low
13,low
13,low
13,low
12,low
12,low
12,low
12,low
12,low
12,low
12,low
12,low
12,low
12,low
12,low
12,low
12,low
12,low
12,low
12,low
12,low
12,low
12,low
11,low
11,low
11,low
11,low
11,low
11,low
11,low
11,low
11,low
11,low
11,low
11,low
11,low
11,low
11,low
11,low
11,low
11,low
11,low
11,low
11,low
11,low
11,low
10,low
10,low
10,low
10,low
10,low
10,low
10,low
10,low
10,low
10,low
10,low
10,low
10,low
10,low
10,low
10,low
10,low
10,low
10,low
10,low
10,low
10,low
10,low
10,low
10,low
10,low
10,low
10,low
10,low
10,low
10,low
9,low
9,low
9,low
9,low
9,low
9,low
9,low
9,low
9,low
9,low
9,low
9,low
9,low
9,low
9,low
9,low
9,low
9,low
9,low
9,low
9,low
9,low
9,low
9,low
9,low
9,low
9,low
9,low
9,low
9,low
8,low
8,low
8,low
8,low
8,low
8,low
8,low
8,low
8,low
8,low
8,low
8,low
8,low
8,low
8,low
8,low
8,low
8,low
8,low
8,low
8,low
8,low
8,low
8,low
8,low
8,low
8,low
8,low
8,low
8,low
8,low
8,low
8,low
8,low
8,low
8,low
8,low
8,low
8,low
8,low
8,low
8,low
8,low
8,low
8,low
7,low
7,low
7,low
7,low
7,low
7,low
7,low
7,low
7,low
7,low
7,low
7,low
7,low
7,low
7,low
7,low
7,low
7,low
7,low
7,low
7,low
7,low
7,low
7,low
7,low
7,low
7,low
7,low
7,low
7,low
6,low
6,low
6,low
6,low
6,low
6,low
6,low
6,low
6,low
6,low
6,low
6,low
6,low
6,low
6,low
6,low
6,low
6,low
6,low
6,low
6,low
6,low
6,low
6,low
6,low
6,low
6,low
6,low
6,low
5,low
5,low
5,low
5,low
5,low
5,low
5,low
5,low
5,low
5,low
5,low
5,low
5,low
5,low
5,low
5,low
5,low
5,low
5,low
5,low
5,low
5,low
5,low
5,low
5,low
5,low
5,low
5,low
5,low
5,low
5,low
5,low
5,low
5,low
5,low
5,low
5,low
5,low
4,low
4,low
4,low
4,low
4,low
4,low
4,low
4,low
4,low
4,low
4,low
4,low
4,low
4,low
4,low
4,low
4,low
4,low
4,low
4,low
4,low
4,low
4,low
4,low
4,low
4,low
4,low
4,low
4,low
4,low
4,low
4,low
4,low
4,low
4,low
4,low
4,low
4,low
4,low
4,low
4,low
4,low
3,low
3,low
3,low
3,low
3,low
3,low
3,low
3,low
3,low
3,low
3,low
3,low
3,low
3,low
3,low
3,low
3,low
3,low
3,low
3,low
3,low
3,low
3,low
3,low
3,low
3,low
3,low
3,low
3,low
3,low
3,low
3,low
3,low
3,low
3,low
3,low
2,low
2,low
2,low
2,low
2,low
2,low
2,low
2,low
2,low
2,low
2,low
2,low
2,low
2,low
2,low
2,low
2,low
2,low
2,low
2,low
2,low
2,low
2,low
2,low
2,low
2,low
2,low
2,low
2,low
2,low
2,low
2,low
2,low
2,low
2,low
2,low
2,low
2,low
2,low
2,low
2,low
2,low
2,low
2,low
2,low
2,low
2,low
2,low
2,low
1,low
1,low
1,low
1,low
1,low
1,low
1,low
1,low
1,low
1,low
1,low
1,low
1,low
1,low
1,low
1,low
1,low
1,low
1,low
1,low
1,low
1,low
1,low
1,low
1,low
1,low
1,low
1,low
1,low
1,low
1,low
1,low
1,low
1,low
1,low
1,low
0,ontime
0,ontime
0,ontime
0,ontime
0,ontime
0,ontime
0,ontime
0,ontime
0,ontime
0,ontime
0,ontime
0,ontime
0,ontime
0,ontime
0,ontime
0,ontime
0,ontime
0,ontime
0,ontime
0,ontime
0,ontime
0,ontime
0,ontime
0,ontime
0,ontime
0,ontime
0,ontime
0,ontime
0,ontime
0,ontime
0,ontime
0,ontime
0,ontime
0,ontime
0,ontime
0,ontime
0,ontime
0,ontime
0,ontime
0,ontime
0,ontime
0,ontime
0,ontime
0,ontime
-1,ontime
-1,ontime
-1,ontime
-1,ontime
-1,ontime
-1,ontime
-1,ontime
-1,ontime
-1,ontime
-1,ontime
-1,ontime
-1,ontime
-1,ontime
-1,ontime
-1,ontime
-1,ontime
-1,ontime
-1,ontime
-1,ontime
-1,ontime
-1,ontime
-1,ontime
-1,ontime
-1,ontime
-1,ontime
-1,ontime
-1,ontime
-1,ontime
-1,ontime
-1,ontime
-1,ontime
-1,ontime
-1,ontime
-1,ontime
-1,ontime
-1,ontime
-1,ontime
-1,ontime
-1,ontime
-1,ontime
-1,ontime
-1,ontime
-1,ontime
-1,ontime
-1,ontime
-1,ontime
-1,ontime
-1,ontime
-1,ontime
-1,ontime
-1,ontime
-2,ontime
-2,ontime
-2,ontime
-2,ontime
-2,ontime
-2,ontime
-2,ontime
-2,ontime
-2,ontime
-2,ontime
-2,ontime
-2,ontime
-2,ontime
-2,ontime
-2,ontime
-2,ontime
-2,ontime
-2,ontime
-2,ontime
-2,ontime
-2,ontime
-2,ontime
-2,ontime
-2,ontime
-2,ontime
-2,ontime
-2,ontime
-2,ontime
-2,ontime
-2,ontime
-2,ontime
-2,ontime
-2,ontime
-2,ontime
-2,ontime
-2,ontime
-2,ontime
-2,ontime
-2,ontime
-2,ontime
-2,ontime
-2,ontime
-2,ontime
-2,ontime
-2,ontime
-2,ontime
-2,ontime
-3,ontime
-3,ontime
-3,ontime
-3,ontime
-3,ontime
-3,ontime
-3,ontime
-3,ontime
-3,ontime
-3,ontime
-3,ontime
-3,ontime
-3,ontime
-3,ontime
-3,ontime
-3,ontime
-3,ontime
-3,ontime
-3,ontime
-3,ontime
-3,ontime
-3,ontime
-3,ontime
-3,ontime
-3,ontime
-3,ontime
-3,ontime
-3,ontime
-3,ontime
-3,ontime
-3,ontime
-3,ontime
-3,ontime
-3,ontime
-3,ontime
-3,ontime
-3,ontime
-3,ontime
-3,ontime
-3,ontime
-3,ontime
-3,ontime
-3,ontime
-3,ontime
-3,ontime
-3,ontime
-3,ontime
-3,ontime
-3,ontime
-3,ontime
-3,ontime
-4,ontime
-4,ontime
-4,ontime
-4,ontime
-4,ontime
-4,ontime
-4,ontime
-4,ontime
-4,ontime
-4,ontime
-4,ontime
-4,ontime
-4,ontime
-4,ontime
-4,ontime
-4,ontime
-4,ontime
-4,ontime
-4,ontime
-4,ontime
-4,ontime
-4,ontime
-4,ontime
-4,ontime
-4,ontime
-4,ontime
-4,ontime
-4,ontime
-4,ontime
-4,ontime
-4,ontime
-4,ontime
-4,ontime
-4,ontime
-4,ontime
-4,ontime
-4,ontime
-4,ontime
-4,ontime
-4,ontime
-4,ontime
-4,ontime
-4,ontime
-4,ontime
-4,ontime
-4,ontime
-4,ontime
-4,ontime
-4,ontime
-4,ontime
-4,ontime
-4,ontime
-4,ontime
-4,ontime
-4,ontime
-4,ontime
-4,ontime
-4,ontime
-4,ontime
-4,ontime
-5,ontime
-5,ontime
-5,ontime
-5,ontime
-5,ontime
-5,ontime
-5,ontime
-5,ontime
-5,ontime
-5,ontime
-5,ontime
-5,ontime
-5,ontime
-5,ontime
-5,ontime
-5,ontime
-5,ontime
-5,ontime
-5,ontime
-5,ontime
-5,ontime
-5,ontime
-5,ontime
-5,ontime
-5,ontime
-5,ontime
-5,ontime
-5,ontime
-5,ontime
-5,ontime
-5,ontime
-5,ontime
-5,ontime
-5,ontime
-5,ontime
-5,ontime
-5,ontime
-5,ontime
-5,ontime
-5,ontime
-5,ontime
-5,ontime
-5,ontime
-5,ontime
-5,ontime
-5,ontime
-5,ontime
-5,ontime
-5,ontime
-5,ontime
-5,ontime
-5,ontime
-5,ontime
-5,ontime
-5,ontime
-5,ontime
-5,ontime
-6,ontime
-6,ontime
-6,ontime
-6,ontime
-6,ontime
-6,ontime
-6,ontime
-6,ontime
-6,ontime
-6,ontime
-6,ontime
-6,ontime
-6,ontime
-6,ontime
-6,ontime
-6,ontime
-6,ontime
-6,ontime
-6,ontime
-6,ontime
-6,ontime
-6,ontime
-6,ontime
-6,ontime
-6,ontime
-6,ontime
-6,ontime
-6,ontime
-6,ontime
-6,ontime
-6,ontime
-6,ontime
-6,ontime
-6,ontime
-6,ontime
-6,ontime
-6,ontime
-6,ontime
-6,ontime
-6,ontime
-6,ontime
-6,ontime
-6,ontime
-6,ontime
-6,ontime
-6,ontime
-6,ontime
-6,ontime
-6,ontime
-6,ontime
-6,ontime
-6,ontime
-6,ontime
-6,ontime
-6,ontime
-6,ontime
-6,ontime
-6,ontime
-6,ontime
-6,ontime
-6,ontime
-6,ontime
-7,ontime
-7,ontime
-7,ontime
-7,ontime
-7,ontime
-7,ontime
-7,ontime
-7,ontime
-7,ontime
-7,ontime
-7,ontime
-7,ontime
-7,ontime
-7,ontime
-7,ontime
-7,ontime
-7,ontime
-7,ontime
-7,ontime
-7,ontime
-7,ontime
-7,ontime
-7,ontime
-7,ontime
-7,ontime
-7,ontime
-7,ontime
-7,ontime
-7,ontime
-7,ontime
-7,ontime
-7,ontime
-7,ontime
-7,ontime
-7,ontime
-7,ontime
-7,ontime
-7,ontime
-7,ontime
-7,ontime
-7,ontime
-7,ontime
-7,ontime
-7,ontime
-7,ontime
-7,ontime
-7,ontime
-7,ontime
-7,ontime
-7,ontime
-7,ontime
-7,ontime
-7,ontime
-7,ontime
-7,ontime
-7,ontime
-7,ontime
-8,ontime
-8,ontime
-8,ontime
-8,ontime
-8,ontime
-8,ontime
-8,ontime
-8,ontime
-8,ontime
-8,ontime
-8,ontime
-8,ontime
-8,ontime
-8,ontime
-8,ontime
-8,ontime
-8,ontime
-8,ontime
-8,ontime
-8,ontime
-8,ontime
-8,ontime
-8,ontime
-8,ontime
-8,ontime
-8,ontime
-8,ontime
-8,ontime
-8,ontime
-8,ontime
-8,ontime
-8,ontime
-8,ontime
-8,ontime
-8,ontime
-8,ontime
-8,ontime
-8,ontime
-8,ontime
-8,ontime
-8,ontime
-8,ontime
-8,ontime
-8,ontime
-8,ontime
-8,ontime
-8,ontime
-8,ontime
-8,ontime
-8,ontime
-8,ontime
-8,ontime
-8,ontime
-8,ontime
-8,ontime
-8,ontime
-8,ontime
-8,ontime
-8,ontime
-8,ontime
-8,ontime
-8,ontime
-8,ontime
-8,ontime
-8,ontime
-9,ontime
-9,ontime
-9,ontime
-9,ontime
-9,ontime
-9,ontime
-9,ontime
-9,ontime
-9,ontime
-9,ontime
-9,ontime
-9,ontime
-9,ontime
-9,ontime
-9,ontime
-9,ontime
-9,ontime
-9,ontime
-9,ontime
-9,ontime
-9,ontime
-9,ontime
-9,ontime
-9,ontime
-9,ontime
-9,ontime
-9,ontime
-9,ontime
-9,ontime
-9,ontime
-9,ontime
-9,ontime
-9,ontime
-9,ontime
-9,ontime
-9,ontime
-9,ontime
-9,ontime
-9,ontime
-9,ontime
-9,ontime
-9,ontime
-9,ontime
-9,ontime
-9,ontime
-9,ontime
-9,ontime
-9,ontime
-9,ontime
-9,ontime
-9,ontime
-9,ontime
-9,ontime
-9,ontime
-9,ontime
-9,ontime
-9,ontime
-9,ontime
-9,ontime
-9,ontime
-9,ontime
-9,ontime
-9,ontime
-9,ontime
-9,ontime
-9,ontime
-9,ontime
-9,ontime
-9,ontime
-9,ontime
-9,ontime
-9,ontime
-9,ontime
-9,ontime
-10,ontime
-10,ontime
-10,ontime
-10,ontime
-10,ontime
-10,ontime
-10,ontime
-10,ontime
-10,ontime
-10,ontime
-10,ontime
-10,ontime
-10,ontime
-10,ontime
-10,ontime
-10,ontime
-10,ontime
-10,ontime
-10,ontime
-10,ontime
-10,ontime
-10,ontime
-10,ontime
-10,ontime
-10,ontime
-10,ontime
-10,ontime
-10,ontime
-10,ontime
-10,ontime
-10,ontime
-10,ontime
-10,ontime
-10,ontime
-10,ontime
-10,ontime
-10,ontime
-10,ontime
-10,ontime
-10,ontime
-10,ontime
-10,ontime
-10,ontime
-10,ontime
-10,ontime
-10,ontime
-10,ontime
-10,ontime
-10,ontime
-10,ontime
-10,ontime
-10,ontime
-10,ontime
-10,ontime
-10,ontime
-10,ontime
-10,ontime
-10,ontime
-10,ontime
-10,ontime
-10,ontime
-10,ontime
-10,ontime
-11,ontime
-11,ontime
-11,ontime
-11,ontime
-11,ontime
-11,ontime
-11,ontime
-11,ontime
-11,ontime
-11,ontime
-11,ontime
-11,ontime
-11,ontime
-11,ontime
-11,ontime
-11,ontime
-11,ontime
-11,ontime
-11,ontime
-11,ontime
-11,ontime
-11,ontime
-11,ontime
-11,ontime
-11,ontime
-11,ontime
-11,ontime
-11,ontime
-11,ontime
-11,ontime
-11,ontime
-11,ontime
-11,ontime
-11,ontime
-11,ontime
-11,ontime
-11,ontime
-11,ontime
-11,ontime
-11,ontime
-11,ontime
-11,ontime
-11,ontime
-11,ontime
-11,ontime
-11,ontime
-11,ontime
-11,ontime
-11,ontime
-11,ontime
-11,ontime
-11,ontime
-11,ontime
-11,ontime
-11,ontime
-11,ontime
-11,ontime
-11,ontime
-11,ontime
-11,ontime
-11,ontime
-11,ontime
-11,ontime
-11,ontime
-12,ontime
-12,ontime
-12,ontime
-12,ontime
-12,ontime
-12,ontime
-12,ontime
-12,ontime
-12,ontime
-12,ontime
-12,ontime
-12,ontime
-12,ontime
-12,ontime
-12,ontime
-12,ontime
-12,ontime
-12,ontime
-12,ontime
-12,ontime
-12,ontime
-12,ontime
-12,ontime
-12,ontime
-12,ontime
-12,ontime
-12,ontime
-12,ontime
-12,ontime
-12,ontime
-12,ontime
-12,ontime
-12,ontime
-12,ontime
-12,ontime
-12,ontime
-12,ontime
-12,ontime
-12,ontime
-12,ontime
-12,ontime
-12,ontime
-12,ontime
-12,ontime
-12,ontime
-12,ontime
-12,ontime
-12,ontime
-12,ontime
-12,ontime
-12,ontime
-12,ontime
-12,ontime
-12,ontime
-12,ontime
-12,ontime
-12,ontime
-12,ontime
-12,ontime
-12,ontime
-12,ontime
-12,ontime
-12,ontime
-12,ontime
-12,ontime
-12,ontime
-13,ontime
-13,ontime
-13,ontime
-13,ontime
-13,ontime
-13,ontime
-13,ontime
-13,ontime
-13,ontime
-13,ontime
-13,ontime
-13,ontime
-13,ontime
-13,ontime
-13,ontime
-13,ontime
-13,ontime
-13,ontime
-13,ontime
-13,ontime
-13,ontime
-13,ontime
-13,ontime
-13,ontime
-13,ontime
-13,ontime
-13,ontime
-13,ontime
-13,ontime
-13,ontime
-13,ontime
-13,ontime
-13,ontime
-13,ontime
-13,ontime
-13,ontime
-13,ontime
-13,ontime
-13,ontime
-13,ontime
-13,ontime
-13,ontime
-13,ontime
-13,ontime
-13,ontime
-13,ontime
-13,ontime
-13,ontime
-13,ontime
-13,ontime
-13,ontime
-14,ontime
-14,ontime
-14,ontime
-14,ontime
-14,ontime
-14,ontime
-14,ontime
-14,ontime
-14,ontime
-14,ontime
-14,ontime
-14,ontime
-14,ontime
-14,ontime
-14,ontime
-14,ontime
-14,ontime
-14,ontime
-14,ontime
-14,ontime
-14,ontime
-14,ontime
-14,ontime
-14,ontime
-14,ontime
-14,ontime
-14,ontime
-14,ontime
-14,ontime
-14,ontime
-14,ontime
-14,ontime
-14,ontime
-14,ontime
-14,ontime
-14,ontime
-14,ontime
-14,ontime
-14,ontime
-14,ontime
-14,ontime
-14,ontime
-14,ontime
-14,ontime
-14,ontime
-14,ontime
-14,ontime
-14,ontime
-14,ontime
-14,ontime
-14,ontime
-14,ontime
-14,ontime
-14,ontime
-14,ontime
-14,ontime
-14,ontime
-14,ontime
-14,ontime
-14,ontime
-14,ontime
-15,ontime
-15,ontime
-15,ontime
-15,ontime
-15,ontime
-15,ontime
-15,ontime
-15,ontime
-15,ontime
-15,ontime
-15,ontime
-15,ontime
-15,ontime
-15,ontime
-15,ontime
-15,ontime
-15,ontime
-15,ontime
-15,ontime
-15,ontime
-15,ontime
-15,ontime
-15,ontime
-15,ontime
-15,ontime
-15,ontime
-15,ontime
-15,ontime
-15,ontime
-15,ontime
-15,ontime
-15,ontime
-15,ontime
-15,ontime
-15,ontime
-15,ontime
-15,ontime
-15,ontime
-15,ontime
-15,ontime
-15,ontime
-15,ontime
-15,ontime
-15,ontime
-15,ontime
-15,ontime
-16,ontime
-16,ontime
-16,ontime
-16,ontime
-16,ontime
-16,ontime
-16,ontime
-16,ontime
-16,ontime
-16,ontime
-16,ontime
-16,ontime
-16,ontime
-16,ontime
-16,ontime
-16,ontime
-16,ontime
-16,ontime
-16,ontime
-16,ontime
-16,ontime
-16,ontime
-16,ontime
-16,ontime
-16,ontime
-16,ontime
-16,ontime
-16,ontime
-16,ontime
-16,ontime
-16,ontime
-16,ontime
-16,ontime
-16,ontime
-16,ontime
-16,ontime
-16,ontime
-16,ontime
-16,ontime
-16,ontime
-16,ontime
-16,ontime
-16,ontime
-16,ontime
-16,ontime
-16,ontime
-16,ontime
-16,ontime
-16,ontime
-16,ontime
-16,ontime
-16,ontime
-16,ontime
-17,ontime
-17,ontime
-17,ontime
-17,ontime
-17,ontime
-17,ontime
-17,ontime
-17,ontime
-17,ontime
-17,ontime
-17,ontime
-17,ontime
-17,ontime
-17,ontime
-17,ontime
-17,ontime
-17,ontime
-17,ontime
-17,ontime
-17,ontime
-17,ontime
-17,ontime
-17,ontime
-17,ontime
-17,ontime
-17,ontime
-17,ontime
-17,ontime
-17,ontime
-17,ontime
-17,ontime
-17,ontime
-17,ontime
-17,ontime
-17,ontime
-17,ontime
-17,ontime
-17,ontime
-18,ontime
-18,ontime
-18,ontime
-18,ontime
-18,ontime
-18,ontime
-18,ontime
-18,ontime
-18,ontime
-18,ontime
-18,ontime
-18,ontime
-18,ontime
-18,ontime
-18,ontime
-18,ontime
-18,ontime
-18,ontime
-18,ontime
-18,ontime
-18,ontime
-18,ontime
-18,ontime
-18,ontime
-18,ontime
-18,ontime
-18,ontime
-18,ontime
-18,ontime
-18,ontime
-18,ontime
-18,ontime
-18,ontime
-18,ontime
-18,ontime
-18,ontime
-18,ontime
-18,ontime
-18,ontime
-18,ontime
-18,ontime
-18,ontime
-18,ontime
-18,ontime
-19,ontime
-19,ontime
-19,ontime
-19,ontime
-19,ontime
-19,ontime
-19,ontime
-19,ontime
-19,ontime
-19,ontime
-19,ontime
-19,ontime
-19,ontime
-19,ontime
-19,ontime
-19,ontime
-19,ontime
-19,ontime
-19,ontime
-19,ontime
-19,ontime
-19,ontime
-19,ontime
-19,ontime
-19,ontime
-19,ontime
-19,ontime
-19,ontime
-19,ontime
-19,ontime
-19,ontime
-19,ontime
-19,ontime
-19,ontime
-19,ontime
-19,ontime
-19,ontime
-20,ontime
-20,ontime
-20,ontime
-20,ontime
-20,ontime
-20,ontime
-20,ontime
-20,ontime
-20,ontime
-20,ontime
-20,ontime
-20,ontime
-20,ontime
-20,ontime
-20,ontime
-20,ontime
-20,ontime
-20,ontime
-20,ontime
-20,ontime
-20,ontime
-20,ontime
-20,ontime
-20,ontime
-20,ontime
-20,ontime
-20,ontime
-20,ontime
-20,ontime
-20,ontime
-20,ontime
-20,ontime
-20,ontime
-20,ontime
-20,ontime
-20,ontime
-20,ontime
-20,ontime
-20,ontime
-20,ontime
-20,ontime
-20,ontime
-21,ontime
-21,ontime
-21,ontime
-21,ontime
-21,ontime
-21,ontime
-21,ontime
-21,ontime
-21,ontime
-21,ontime
-21,ontime
-21,ontime
-21,ontime
-21,ontime
-21,ontime
-21,ontime
-21,ontime
-21,ontime
-21,ontime
-21,ontime
-21,ontime
-21,ontime
-21,ontime
-21,ontime
-21,ontime
-21,ontime
-21,ontime
-21,ontime
-21,ontime
-21,ontime
-21,ontime
-21,ontime
-21,ontime
-21,ontime
-21,ontime
-21,ontime
-21,ontime
-21,ontime
-21,ontime
-22,ontime
-22,ontime
-22,ontime
-22,ontime
-22,ontime
-22,ontime
-22,ontime
-22,ontime
-22,ontime
-22,ontime
-22,ontime
-22,ontime
-22,ontime
-22,ontime
-22,ontime
-22,ontime
-22,ontime
-22,ontime
-22,ontime
-22,ontime
-22,ontime
-22,ontime
-22,ontime
-22,ontime
-22,ontime
-22,ontime
-22,ontime
-22,ontime
-22,ontime
-22,ontime
-23,ontime
-23,ontime
-23,ontime
-23,ontime
-23,ontime
-23,ontime
-23,ontime
-23,ontime
-23,ontime
-23,ontime
-23,ontime
-23,ontime
-23,ontime
-23,ontime
-23,ontime
-23,ontime
-23,ontime
-23,ontime
-23,ontime
-23,ontime
-23,ontime
-23,ontime
-23,ontime
-23,ontime
-23,ontime
-23,ontime
-23,ontime
-23,ontime
-23,ontime
-23,ontime
-23,ontime
-24,ontime
-24,ontime
-24,ontime
-24,ontime
-24,ontime
-24,ontime
-24,ontime
-24,ontime
-24,ontime
-24,ontime
-24,ontime
-24,ontime
-24,ontime
-24,ontime
-24,ontime
-24,ontime
-24,ontime
-24,ontime
-24,ontime
-24,ontime
-24,ontime
-25,ontime
-25,ontime
-25,ontime
-25,ontime
-25,ontime
-25,ontime
-25,ontime
-25,ontime
-25,ontime
-25,ontime
-25,ontime
-25,ontime
-25,ontime
-25,ontime
-25,ontime
-25,ontime
-25,ontime
-25,ontime
-25,ontime
-25,ontime
-25,ontime
-25,ontime
-25,ontime
-25,ontime
-25,ontime
-26,ontime
-26,ontime
-26,ontime
-26,ontime
-26,ontime
-26,ontime
-26,ontime
-26,ontime
-26,ontime
-26,ontime
-26,ontime
-26,ontime
-26,ontime
-26,ontime
-26,ontime
-26,ontime
-26,ontime
-26,ontime
-26,ontime
-26,ontime
-26,ontime
-26,ontime
-26,ontime
-26,ontime
-26,ontime
-26,ontime
-26,ontime
-26,ontime
-27,ontime
-27,ontime
-27,ontime
-27,ontime
-27,ontime
-27,ontime
-27,ontime
-27,ontime
-27,ontime
-27,ontime
-27,ontime
-27,ontime
-27,ontime
-27,ontime
-27,ontime
-27,ontime
-27,ontime
-27,ontime
-27,ontime
-27,ontime
-28,ontime
-28,ontime
-28,ontime
-28,ontime
-28,ontime
-28,ontime
-28,ontime
-28,ontime
-28,ontime
-28,ontime
-28,ontime
-28,ontime
-29,ontime
-29,ontime
-29,ontime
-29,ontime
-29,ontime
-29,ontime
-29,ontime
-29,ontime
-29,ontime
-29,ontime
-29,ontime
-29,ontime
-29,ontime
-29,ontime
-29,ontime
-30,ontime
-30,ontime
-30,ontime
-30,ontime
-30,ontime
-30,ontime
-30,ontime
-30,ontime
-30,ontime
-30,ontime
-30,ontime
-31,ontime
-31,ontime
-31,ontime
-31,ontime
-31,ontime
-31,ontime
-31,ontime
-31,ontime
-31,ontime
-31,ontime
-31,ontime
-31,ontime
-31,ontime
-31,ontime
-32,ontime
-32,ontime
-32,ontime
-32,ontime
-32,ontime
-32,ontime
-32,ontime
-32,ontime
-32,ontime
-33,ontime
-33,ontime
-33,ontime
-33,ontime
-33,ontime
-33,ontime
-33,ontime
-33,ontime
-33,ontime
-34,ontime
-34,ontime
-34,ontime
-34,ontime
-34,ontime
-34,ontime
-34,ontime
-34,ontime
-35,ontime
-35,ontime
-35,ontime
-35,ontime
-35,ontime
-35,ontime
-36,ontime
-36,ontime
-37,ontime
-37,ontime
-37,ontime
-37,ontime
-37,ontime
-38,ontime
-38,ontime
-38,ontime
-38,ontime
-39,ontime
-39,ontime
-40,ontime
-40,ontime
-40,ontime
-41,ontime
-41,ontime
-41,ontime
-42,ontime
-42,ontime
-44,ontime
-45,ontime
-48,ontime
-49,ontime
-51,ontime
-54,ontime
-87,ontime
